Municipio,Estado,UF do estado,Equipe comercial,Contatos
Acrelândia,Acre,AC,Status - AC,(48) 99999-9999 / Email.@teste.com / www.betha.com.br
Adrianópolis,Paraná,PR,Pequenas Contas - (Vella - PR),(48) 99999-9999 / Email.@teste.com / www.betha.com.br
Afonso Cláudio,Espírito Santo,ES,Projeta - ES/RJ,(48) 99999-9999 / Email.@teste.com / www.betha.com.br
Água Boa,Mato Grosso,MT,Staf Sistemas - MS/MT,(48) 99999-9999 / Email.@teste.com / www.betha.com.br
Aguaí,São Paulo,SP,CSM - SP,(16) 3797-6333 | E-mail: diretoria@csmsoft.com.br
Águas de São Pedro,São Paulo,SP,CSM - SP,(16) 3797-6333 | E-mail: diretoria@csmsoft.com.br
Águas Mornas,Santa Catarina,SC,Pequenas Contas - (Digital - SC),Canal Direto: (48) 99146-7330
Agudos do Sul,Paraná,PR,Pequenas Contas - (Vella - PR),(48) 99999-9999 / Email.@teste.com / www.betha.com.br
Alfenas,Minas Gerais,MG,CMM - MG,( (31) 4042-1167 / (31) 3197-0867) | | (Contábil: suporte.contabil@cmmsistemas.com.br / Gestão de Materiais: suporte.materiais@cmmsistemas.com.br / Folha/RH: suporte.folha@cmmsistemas.com.br / Arrecadação: suporte.arrecadacao@cmmsistemas.com.br / Gestão em Educação: suporte.educacao@cmmsistemas.com.br / Informática/TI: suporte.informatica@cmmsistemas.com.br) | https://cmmsistemas.com.br/suporte/
Alfredo Wagner,Santa Catarina,SC,Pequenas Contas - (Digital - SC),Canal Direto: (48) 99146-7330
Alterosa,Minas Gerais,MG,ASI - MG,(31) 2511 - 7252 / (31) 2780 - 0347 |  asi@asimg.com.br |  https://www.asi.com.br/areadocliente
Alto Alegre dos Parecis,Rondônia,RO,Sispel - RO,(48) 99999-9999 / Email.@teste.com / www.betha.com.br
Alto Caparaó,Minas Gerais,MG,Solução - MG,(48) 99999-9999 / Email.@teste.com / www.betha.com.br
Alto Paraná,Paraná,PR,Prodasp - PR,(48) 99999-9999 / Email.@teste.com / www.betha.com.br
Alvinópolis,Minas Gerais,MG,CMM - MG,( (31) 4042-1167 / (31) 3197-0867) | | (Contábil: suporte.contabil@cmmsistemas.com.br / Gestão de Materiais: suporte.materiais@cmmsistemas.com.br / Folha/RH: suporte.folha@cmmsistemas.com.br / Arrecadação: suporte.arrecadacao@cmmsistemas.com.br / Gestão em Educação: suporte.educacao@cmmsistemas.com.br / Informática/TI: suporte.informatica@cmmsistemas.com.br) | https://cmmsistemas.com.br/suporte/
Alvorada d'Oeste,Rondônia,RO,Sispel - RO,(48) 99999-9999 / Email.@teste.com / www.betha.com.br
Ametista do Sul,Rio Grande do Sul,RS,Delta - RS,(51)3235-4200 | mailto:delta@deltainf.com.br | https://deltainf.com.br/portal-do-cliente/
Analândia,São Paulo,SP,CSM - SP,(16) 3797-6333 | E-mail: diretoria@csmsoft.com.br
Anchieta,Espírito Santo,ES,Projeta - ES/RJ,(48) 99999-9999 / Email.@teste.com / www.betha.com.br
Andradas,Minas Gerais,MG,Sigma - MG,(48) 99999-9999 / Email.@teste.com / www.betha.com.br
Angélica,Mato Grosso do Sul,MS,Staf Sistemas - MS,(48) 99999-9999 / Email.@teste.com / www.betha.com.br
Antônio Carlos,Santa Catarina,SC,Pequenas Contas - (Digital - SC),Canal Direto: (48) 99146-7330
Antônio Dias,Minas Gerais,MG,Solução - MG,(48) 99999-9999 / Email.@teste.com / www.betha.com.br
Aparecida do Taboado,Mato Grosso do Sul,MS,Staf Sistemas - MS,(48) 99999-9999 / Email.@teste.com / www.betha.com.br
Apiacás,Mato Grosso,MT,Staf Sistemas - MS/MT,(48) 99999-9999 / Email.@teste.com / www.betha.com.br
Araraquara,São Paulo,SP,CSM - SP,(16) 3797-6333 | E-mail: diretoria@csmsoft.com.br
Araras,São Paulo,SP,CSM - SP,(16) 3797-6333 | E-mail: diretoria@csmsoft.com.br
Areias,São Paulo,SP,Casp Vale - SP,"(Financeiro — 12 99603-1032
Técnico (Contabilidade/Planejamento/Tesouraria) — 12 99603-1030
Arrecadação e Fiscalização — 12 99745-7223 / 17 99677-1552
Recursos Humanos — 12 99732-7222 / 12 98863-8657
Compras e Contratos — 12 99760-3872 / 17 99677-1552
Saúde e Farmácia — 12 99786-2759 )| contato@caspvale.com.br
| https://www.caspvale.com.br/index.html"
Arroio do Padre,Rio Grande do Sul,RS,Delta - RS,(51)3235-4200 | mailto:delta@deltainf.com.br | https://deltainf.com.br/portal-do-cliente/
Arroio do Tigre,Rio Grande do Sul,RS,Delta - RS,(51)3235-4200 | mailto:delta@deltainf.com.br | https://deltainf.com.br/portal-do-cliente/
Aspásia,São Paulo,SP,BW Sistemas - SP,(17) 3874-1210 | contato@bwinformatica.com.br | https://www.bwinformatica.com.br/Contato
Assaí,Paraná,PR,Publis - PR,(48) 99999-9999 / Email.@teste.com / www.betha.com.br
Assis Brasil,Acre,AC,Status - AC,(48) 99999-9999 / Email.@teste.com / www.betha.com.br
Atalaia,Paraná,PR,Prodasp - PR,(48) 99999-9999 / Email.@teste.com / www.betha.com.br
Atilio Vivacqua,Espírito Santo,ES,Projeta - ES/RJ,(48) 99999-9999 / Email.@teste.com / www.betha.com.br
Autazes,Amazonas,AM,Converge - AM/RR/AP,(+55 92 8432-6005 / +55 92 8432-6005) | contato@convergetec.com.br | https://convergetec.com.br/contato/
Balneário Camboriú,Santa Catarina,SC,Grandes Contas (SC e PR),(48) 99999-9999 / Email.@teste.com / www.betha.com.br
Bandeira do Sul,Minas Gerais,MG,ASI - MG,(31) 2511 - 7252 / (31) 2780 - 0347 |  asi@asimg.com.br |  https://www.asi.com.br/areadocliente
Bandeirantes,Paraná,PR,Publis - PR,(48) 99999-9999 / Email.@teste.com / www.betha.com.br
Barão do Triunfo,Rio Grande do Sul,RS,Delta - RS,(51)3235-4200 | mailto:delta@deltainf.com.br | https://deltainf.com.br/portal-do-cliente/
Barbacena,Minas Gerais,MG,CMM - MG,( (31) 4042-1167 / (31) 3197-0867) | | (Contábil: suporte.contabil@cmmsistemas.com.br / Gestão de Materiais: suporte.materiais@cmmsistemas.com.br / Folha/RH: suporte.folha@cmmsistemas.com.br / Arrecadação: suporte.arrecadacao@cmmsistemas.com.br / Gestão em Educação: suporte.educacao@cmmsistemas.com.br / Informática/TI: suporte.informatica@cmmsistemas.com.br) | https://cmmsistemas.com.br/suporte/
Barcelos,Amazonas,AM,Converge - AM/RR/AP,(+55 92 8432-6005 / +55 92 8432-6005) | contato@convergetec.com.br | https://convergetec.com.br/contato/
Barra do Quaraí,Rio Grande do Sul,RS,Delta - RS,(51)3235-4200 | mailto:delta@deltainf.com.br | https://deltainf.com.br/portal-do-cliente/
Barra Mansa,Rio de Janeiro,RJ,Sigein - RJ,(48) 99999-9999 / Email.@teste.com / www.betha.com.br
Barracão,Paraná,PR,Pequenas Contas - (Vella - PR),(48) 99999-9999 / Email.@teste.com / www.betha.com.br
Barreirinha,Amazonas,AM,Converge - AM/RR/AP,(+55 92 8432-6005 / +55 92 8432-6005) | contato@convergetec.com.br | https://convergetec.com.br/contato/
Barrocas,Bahia,BA,Pequenas Contas - (Tosper - BA),(48) 99999-9999 / Email.@teste.com / www.betha.com.br
Batatais,São Paulo,SP,CSM - SP,(16) 3797-6333 | E-mail: diretoria@csmsoft.com.br
,,,Sigma - MG,(48) 99999-9999 / Email.@teste.com / www.betha.com.br
Batayporã,Mato Grosso do Sul,MS,Staf Sistemas - MS,(48) 99999-9999 / Email.@teste.com / www.betha.com.br
Belo Oriente,Minas Gerais,MG,Solução - MG,(48) 99999-9999 / Email.@teste.com / www.betha.com.br
Bituruna,Paraná,PR,Pequenas Contas - (Vella - PR),(48) 99999-9999 / Email.@teste.com / www.betha.com.br
Boa Esperança,Minas Gerais,MG,Sigma - MG,(48) 99999-9999 / Email.@teste.com / www.betha.com.br
Boa Vista das Missões,Rio Grande do Sul,RS,Delta - RS,(51)3235-4200 | mailto:delta@deltainf.com.br | https://deltainf.com.br/portal-do-cliente/
Boa Vista do Incra,Rio Grande do Sul,RS,Delta - RS,(51)3235-4200 | mailto:delta@deltainf.com.br | https://deltainf.com.br/portal-do-cliente/
Bodoquena,Mato Grosso do Sul,MS,Staf Sistemas - MS,(48) 99999-9999 / Email.@teste.com / www.betha.com.br
Bom Jesus,Rio Grande do Sul,RS,Delta - RS,(51)3235-4200 | mailto:delta@deltainf.com.br | https://deltainf.com.br/portal-do-cliente/
,Santa Catarina,SC,Pequenas Contas - (FAEE - SC),Canal Direto: (49) 3433-3478
Bom Princípio,Rio Grande do Sul,RS,Delta - RS,(51)3235-4200 | mailto:delta@deltainf.com.br | https://deltainf.com.br/portal-do-cliente/
Bom Progresso,Rio Grande do Sul,RS,Delta - RS,(51)3235-4200 | mailto:delta@deltainf.com.br | https://deltainf.com.br/portal-do-cliente/
Bom Sucesso,Paraná,PR,Prodasp - PR,(48) 99999-9999 / Email.@teste.com / www.betha.com.br
Boninal,Bahia,BA,Pequenas Contas - (Tosper - BA),(48) 99999-9999 / Email.@teste.com / www.betha.com.br
Boqueirão do Leão,Rio Grande do Sul,RS,Delta - RS,(51)3235-4200 | mailto:delta@deltainf.com.br | https://deltainf.com.br/portal-do-cliente/
Borborema,São Paulo,SP,CSM - SP,(16) 3797-6333 | E-mail: diretoria@csmsoft.com.br
Botelhos,Minas Gerais,MG,ASI - MG,(31) 2511 - 7252 / (31) 2780 - 0347 |  asi@asimg.com.br |  https://www.asi.com.br/areadocliente
Bragança Paulista,São Paulo,SP,CSM - SP,(16) 3797-6333 | E-mail: diretoria@csmsoft.com.br
Brasiléia,Acre,AC,Status - AC,(48) 99999-9999 / Email.@teste.com / www.betha.com.br
Brejetuba,Espírito Santo,ES,Projeta - ES/RJ,(48) 99999-9999 / Email.@teste.com / www.betha.com.br
Bujari,Acre,AC,Status - AC,(48) 99999-9999 / Email.@teste.com / www.betha.com.br
Bujaru,Pará,PA,Pequenas Contas - (Sistemática - PA),(48) 99999-9999 / Email.@teste.com / www.betha.com.br
Caarapó,Mato Grosso do Sul,MS,Staf Sistemas - MS,(48) 99999-9999 / Email.@teste.com / www.betha.com.br
Cachoeiras de Macacu,Rio de Janeiro,RJ,Projeta - ES/RJ,(48) 99999-9999 / Email.@teste.com / www.betha.com.br
Cacique Doble,Rio Grande do Sul,RS,Delta - RS,(51)3235-4200 | mailto:delta@deltainf.com.br | https://deltainf.com.br/portal-do-cliente/
Camamu,Bahia,BA,Pequenas Contas - (Tosper - BA),(48) 99999-9999 / Email.@teste.com / www.betha.com.br
Cambuci,Rio de Janeiro,RJ,Projeta - ES/RJ,(48) 99999-9999 / Email.@teste.com / www.betha.com.br
Campo Bom,Rio Grande do Sul,RS,Delta - RS,(51)3235-4200 | mailto:delta@deltainf.com.br | https://deltainf.com.br/portal-do-cliente/
Campo Erê,Santa Catarina,SC,Pequenas Contas - (FAEE - SC),Canal Direto: (49) 3433-3478
Campo Magro,Paraná,PR,Pequenas Contas - (Vella - PR),(48) 99999-9999 / Email.@teste.com / www.betha.com.br
Campo Mourão,Paraná,PR,Espyl - PR,(48) 99999-9999 / Email.@teste.com / www.betha.com.br
Campos Gerais,Minas Gerais,MG,Sigma - MG,(48) 99999-9999 / Email.@teste.com / www.betha.com.br
Campos Novos,Santa Catarina,SC,Pequenas Contas - (FAEE - SC),Canal Direto: (49) 3433-3478
Canarana,Mato Grosso,MT,Staf Sistemas - MS/MT,(48) 99999-9999 / Email.@teste.com / www.betha.com.br
Candeias do Jamari,Rondônia,RO,Sispel - RO,(48) 99999-9999 / Email.@teste.com / www.betha.com.br
Candiota,Rio Grande do Sul,RS,Delta - RS,(51)3235-4200 | mailto:delta@deltainf.com.br | https://deltainf.com.br/portal-do-cliente/
Canelinha,Santa Catarina,SC,Pequenas Contas - (Digital - SC),Canal Direto: (48) 99146-7330
Canutama,Amazonas,AM,Converge - AM/RR/AP,(+55 92 8432-6005 / +55 92 8432-6005) | contato@convergetec.com.br | https://convergetec.com.br/contato/
Capão Bonito do Sul,Rio Grande do Sul,RS,Delta - RS,(51)3235-4200 | mailto:delta@deltainf.com.br | https://deltainf.com.br/portal-do-cliente/
Capão da Canoa,Rio Grande do Sul,RS,Delta - RS,(51)3235-4200 | mailto:delta@deltainf.com.br | https://deltainf.com.br/portal-do-cliente/
Capão do Leão,Rio Grande do Sul,RS,Delta - RS,(51)3235-4200 | mailto:delta@deltainf.com.br | https://deltainf.com.br/portal-do-cliente/
Capitão Andrade,Minas Gerais,MG,Solução - MG,(48) 99999-9999 / Email.@teste.com / www.betha.com.br
Capitão Leônidas Marques,Paraná,PR,Espyl - PR,(48) 99999-9999 / Email.@teste.com / www.betha.com.br
Capivari de Baixo,Santa Catarina,SC,Pequenas Contas - (FAEE - SC),Canal Direto: (49) 3433-3478
Capixaba,Acre,AC,Status - AC,(48) 99999-9999 / Email.@teste.com / www.betha.com.br
Careiro,Amazonas,AM,Converge - AM/RR/AP,(+55 92 8432-6005 / +55 92 8432-6005) | contato@convergetec.com.br | https://convergetec.com.br/contato/
Carlos Chagas,Minas Gerais,MG,Solução - MG,(48) 99999-9999 / Email.@teste.com / www.betha.com.br
Carmo do Cajuru,Minas Gerais,MG,ASI - MG,(31) 2511 - 7252 / (31) 2780 - 0347 |  asi@asimg.com.br |  https://www.asi.com.br/areadocliente
Cascavel,Paraná,PR,Espyl - PR,(48) 99999-9999 / Email.@teste.com / www.betha.com.br
Cássia dos Coqueiros,São Paulo,SP,CSM - SP,(16) 3797-6333 | E-mail: diretoria@csmsoft.com.br
Castro Alves,Bahia,BA,Pequenas Contas - (Tosper - BA),(48) 99999-9999 / Email.@teste.com / www.betha.com.br
Cataguases,Minas Gerais,MG,ASI - MG,(31) 2511 - 7252 / (31) 2780 - 0347 |  asi@asimg.com.br |  https://www.asi.com.br/areadocliente
Cerrito,Rio Grande do Sul,RS,Delta - RS,(51)3235-4200 | mailto:delta@deltainf.com.br | https://deltainf.com.br/portal-do-cliente/
Cerro Azul,Paraná,PR,Pequenas Contas - (Vella - PR),(48) 99999-9999 / Email.@teste.com / www.betha.com.br
Cerro Grande do Sul,Rio Grande do Sul,RS,Delta - RS,(51)3235-4200 | mailto:delta@deltainf.com.br | https://deltainf.com.br/portal-do-cliente/
Chapecó,Santa Catarina,SC,Pequenas Contas - (FAEE - SC),Canal Direto: (49) 3433-3478
Chiapetta,Rio Grande do Sul,RS,Delta - RS,(51)3235-4200 | mailto:delta@deltainf.com.br | https://deltainf.com.br/portal-do-cliente/
Cláudio,Minas Gerais,MG,CMM - MG,( (31) 4042-1167 / (31) 3197-0867) | | (Contábil: suporte.contabil@cmmsistemas.com.br / Gestão de Materiais: suporte.materiais@cmmsistemas.com.br / Folha/RH: suporte.folha@cmmsistemas.com.br / Arrecadação: suporte.arrecadacao@cmmsistemas.com.br / Gestão em Educação: suporte.educacao@cmmsistemas.com.br / Informática/TI: suporte.informatica@cmmsistemas.com.br) | https://cmmsistemas.com.br/suporte/
Coari,Amazonas,AM,Converge - AM/RR/AP,(+55 92 8432-6005 / +55 92 8432-6005) | contato@convergetec.com.br | https://convergetec.com.br/contato/
Conceição da Aparecida,Minas Gerais,MG,ASI - MG,(31) 2511 - 7252 / (31) 2780 - 0347 |  asi@asimg.com.br |  https://www.asi.com.br/areadocliente
Congonhas,Minas Gerais,MG,CMM - MG,( (31) 4042-1167 / (31) 3197-0867) | | (Contábil: suporte.contabil@cmmsistemas.com.br / Gestão de Materiais: suporte.materiais@cmmsistemas.com.br / Folha/RH: suporte.folha@cmmsistemas.com.br / Arrecadação: suporte.arrecadacao@cmmsistemas.com.br / Gestão em Educação: suporte.educacao@cmmsistemas.com.br / Informática/TI: suporte.informatica@cmmsistemas.com.br) | https://cmmsistemas.com.br/suporte/
Congonhinhas,Paraná,PR,Vista Sistemas - PR,(48) 99999-9999 / Email.@teste.com / www.betha.com.br
Conselheiro Lafaiete,Minas Gerais,MG,CMM - MG,( (31) 4042-1167 / (31) 3197-0867) | | (Contábil: suporte.contabil@cmmsistemas.com.br / Gestão de Materiais: suporte.materiais@cmmsistemas.com.br / Folha/RH: suporte.folha@cmmsistemas.com.br / Arrecadação: suporte.arrecadacao@cmmsistemas.com.br / Gestão em Educação: suporte.educacao@cmmsistemas.com.br / Informática/TI: suporte.informatica@cmmsistemas.com.br) | https://cmmsistemas.com.br/suporte/
Constantina,Rio Grande do Sul,RS,Delta - RS,(51)3235-4200 | mailto:delta@deltainf.com.br | https://deltainf.com.br/portal-do-cliente/
Cordilheira Alta,Santa Catarina,SC,Pequenas Contas - (FAEE - SC),Canal Direto: (49) 3433-3478
Cornélio Procópio,Paraná,PR,Publis - PR,(48) 99999-9999 / Email.@teste.com / www.betha.com.br
Coronel Freitas,Santa Catarina,SC,Pequenas Contas - (FAEE - SC),Canal Direto: (49) 3433-3478
Coronel Martins,Santa Catarina,SC,Pequenas Contas - (FAEE - SC),Canal Direto: (49) 3433-3478
Corumbataí,São Paulo,SP,CSM - SP,(16) 3797-6333 | E-mail: diretoria@csmsoft.com.br
Coruripe,Alagoas,AL,Pequenas Contas - (Tosper - BA),(48) 99999-9999 / Email.@teste.com / www.betha.com.br
Costa Marques,Rondônia,RO,Sispel - RO,(48) 99999-9999 / Email.@teste.com / www.betha.com.br
Cravinhos,São Paulo,SP,CSM - SP,(16) 3797-6333 | E-mail: diretoria@csmsoft.com.br
Criciúma,Santa Catarina,SC,Grandes Contas (SC e PR),(48) 99999-9999 / Email.@teste.com / www.betha.com.br
Crissiumal,Rio Grande do Sul,RS,Delta - RS,(51)3235-4200 | mailto:delta@deltainf.com.br | https://deltainf.com.br/portal-do-cliente/
Cruz Machado,Paraná,PR,Pequenas Contas - (Vella - PR),(48) 99999-9999 / Email.@teste.com / www.betha.com.br
Cruzeiro do Sul,Acre,AC,Status - AC,(48) 99999-9999 / Email.@teste.com / www.betha.com.br
Cuiabá,Mato Grosso,MT,Staf Sistemas - MS/MT,(48) 99999-9999 / Email.@teste.com / www.betha.com.br
Cunha,São Paulo,SP,Casp Vale - SP,"(Financeiro — 12 99603-1032
Técnico (Contabilidade/Planejamento/Tesouraria) — 12 99603-1030
Arrecadação e Fiscalização — 12 99745-7223 / 17 99677-1552
Recursos Humanos — 12 99732-7222 / 12 98863-8657
Compras e Contratos — 12 99760-3872 / 17 99677-1552
Saúde e Farmácia — 12 99786-2759 )| contato@caspvale.com.br
| https://www.caspvale.com.br/index.html"
Cunhataí,Santa Catarina,SC,Pequenas Contas - (FAEE - SC),Canal Direto: (49) 3433-3478
Curitiba,Paraná,PR,Pequenas Contas - (Vella - PR),(48) 99999-9999 / Email.@teste.com / www.betha.com.br
Denise,Mato Grosso,MT,Staf Sistemas - MS/MT,(48) 99999-9999 / Email.@teste.com / www.betha.com.br
Deodápolis,Mato Grosso do Sul,MS,Staf Sistemas - MS,(48) 99999-9999 / Email.@teste.com / www.betha.com.br
Dias d'Ávila,Bahia,BA,Pequenas Contas - (Tosper - BA),(48) 99999-9999 / Email.@teste.com / www.betha.com.br
Dilermando de Aguiar,Rio Grande do Sul,RS,Delta - RS,(51)3235-4200 | mailto:delta@deltainf.com.br | https://deltainf.com.br/portal-do-cliente/
Dois Córregos,São Paulo,SP,CSM - SP,(16) 3797-6333 | E-mail: diretoria@csmsoft.com.br
Dourados,Mato Grosso do Sul,MS,Staf Sistemas - MS,(48) 99999-9999 / Email.@teste.com / www.betha.com.br
Engenheiro Coelho,São Paulo,SP,CSM - SP,(16) 3797-6333 | E-mail: diretoria@csmsoft.com.br
Engenheiro Paulo de Frontin,Rio de Janeiro,RJ,Sigein - RJ,(48) 99999-9999 / Email.@teste.com / www.betha.com.br
Entre Rios,Santa Catarina,SC,Pequenas Contas - (FAEE - SC),Canal Direto: (49) 3433-3478
Epitaciolândia,Acre,AC,Status - AC,(48) 99999-9999 / Email.@teste.com / www.betha.com.br
Erval Seco,Rio Grande do Sul,RS,Delta - RS,(51)3235-4200 | mailto:delta@deltainf.com.br | https://deltainf.com.br/portal-do-cliente/
Estrela Velha,Rio Grande do Sul,RS,Delta - RS,(51)3235-4200 | mailto:delta@deltainf.com.br | https://deltainf.com.br/portal-do-cliente/
Fátima do Sul,Mato Grosso do Sul,MS,Staf Sistemas - MS,(48) 99999-9999 / Email.@teste.com / www.betha.com.br
Faxinal dos Guedes,Santa Catarina,SC,Pequenas Contas - (FAEE - SC),Canal Direto: (49) 3433-3478
Feijó,Acre,AC,Status - AC,(48) 99999-9999 / Email.@teste.com / www.betha.com.br
Figueira,Paraná,PR,Vista Sistemas - PR,(48) 99999-9999 / Email.@teste.com / www.betha.com.br
Flor da Serra do Sul,Paraná,PR,Pequenas Contas - (Vella - PR),(48) 99999-9999 / Email.@teste.com / www.betha.com.br
Flor do Sertão,Santa Catarina,SC,Pequenas Contas - (FAEE - SC),Canal Direto: (49) 3433-3478
Floraí,Paraná,PR,Prodasp - PR,(48) 99999-9999 / Email.@teste.com / www.betha.com.br
Fontoura Xavier,Rio Grande do Sul,RS,Delta - RS,(51)3235-4200 | mailto:delta@deltainf.com.br | https://deltainf.com.br/portal-do-cliente/
Formiga,Minas Gerais,MG,CMM - MG,( (31) 4042-1167 / (31) 3197-0867) | | (Contábil: suporte.contabil@cmmsistemas.com.br / Gestão de Materiais: suporte.materiais@cmmsistemas.com.br / Folha/RH: suporte.folha@cmmsistemas.com.br / Arrecadação: suporte.arrecadacao@cmmsistemas.com.br / Gestão em Educação: suporte.educacao@cmmsistemas.com.br / Informática/TI: suporte.informatica@cmmsistemas.com.br) | https://cmmsistemas.com.br/suporte/
Formosa do Sul,Santa Catarina,SC,Pequenas Contas - (FAEE - SC),Canal Direto: (49) 3433-3478
Fundão,Espírito Santo,ES,Projeta - ES/RJ,(48) 99999-9999 / Email.@teste.com / www.betha.com.br
Galvão,Santa Catarina,SC,Pequenas Contas - (FAEE - SC),Canal Direto: (49) 3433-3478
Gastão Vidigal,São Paulo,SP,BW Sistemas - SP,(17) 3874-1210 | contato@bwinformatica.com.br | https://www.bwinformatica.com.br/Contato
Gavião Peixoto,São Paulo,SP,CSM - SP,(16) 3797-6333 | E-mail: diretoria@csmsoft.com.br
General Carneiro,Paraná,PR,Pequenas Contas - (Vella - PR),(48) 99999-9999 / Email.@teste.com / www.betha.com.br
General Salgado,São Paulo,SP,BW Sistemas - SP,(17) 3874-1210 | contato@bwinformatica.com.br | https://www.bwinformatica.com.br/Contato
Goioerê,Paraná,PR,Pequenas Contas - (Vella - PR),(48) 99999-9999 / Email.@teste.com / www.betha.com.br
Guaçuí,Espírito Santo,ES,Projeta - ES/RJ,(48) 99999-9999 / Email.@teste.com / www.betha.com.br
Guajará,Amazonas,AM,Converge - AM/RR/AP,(+55 92 8432-6005 / +55 92 8432-6005) | contato@convergetec.com.br | https://convergetec.com.br/contato/
Guaranésia,Minas Gerais,MG,Sigma - MG,(48) 99999-9999 / Email.@teste.com / www.betha.com.br
Guarani d'Oeste,São Paulo,SP,BW Sistemas - SP,(17) 3874-1210 | contato@bwinformatica.com.br | https://www.bwinformatica.com.br/Contato
Guarulhos,São Paulo,SP,CSM - SP,(16) 3797-6333 | E-mail: diretoria@csmsoft.com.br
Guatapará,São Paulo,SP,CSM - SP,(16) 3797-6333 | E-mail: diretoria@csmsoft.com.br
Humaitá,Amazonas,AM,Converge - AM/RR/AP,(+55 92 8432-6005 / +55 92 8432-6005) | contato@convergetec.com.br | https://convergetec.com.br/contato/
,Rio Grande do Sul,RS,Delta - RS,(51)3235-4200 | mailto:delta@deltainf.com.br | https://deltainf.com.br/portal-do-cliente/
Iapu,Minas Gerais,MG,Solução - MG,(48) 99999-9999 / Email.@teste.com / www.betha.com.br
Ibarama,Rio Grande do Sul,RS,Delta - RS,(51)3235-4200 | mailto:delta@deltainf.com.br | https://deltainf.com.br/portal-do-cliente/
Ibicaré,Santa Catarina,SC,Pequenas Contas - (FAEE - SC),Canal Direto: (49) 3433-3478
Igaratinga,Minas Gerais,MG,CMM - MG,( (31) 4042-1167 / (31) 3197-0867) | | (Contábil: suporte.contabil@cmmsistemas.com.br / Gestão de Materiais: suporte.materiais@cmmsistemas.com.br / Folha/RH: suporte.folha@cmmsistemas.com.br / Arrecadação: suporte.arrecadacao@cmmsistemas.com.br / Gestão em Educação: suporte.educacao@cmmsistemas.com.br / Informática/TI: suporte.informatica@cmmsistemas.com.br) | https://cmmsistemas.com.br/suporte/
Inajá,Paraná,PR,Prodasp - PR,(48) 99999-9999 / Email.@teste.com / www.betha.com.br
Inimutaba,Minas Gerais,MG,Solução - MG,(48) 99999-9999 / Email.@teste.com / www.betha.com.br
Iomerê,Santa Catarina,SC,Pequenas Contas - (FAEE - SC),Canal Direto: (49) 3433-3478
Ipiaú,Bahia,BA,Pequenas Contas - (Tosper - BA),(48) 99999-9999 / Email.@teste.com / www.betha.com.br
Ipiguá,São Paulo,SP,BW Sistemas - SP,(17) 3874-1210 | contato@bwinformatica.com.br | https://www.bwinformatica.com.br/Contato
Ipumirim,Santa Catarina,SC,Pequenas Contas - (FAEE - SC),Canal Direto: (49) 3433-3478
Iracema do Oeste,Paraná,PR,Espyl - PR,(48) 99999-9999 / Email.@teste.com / www.betha.com.br
Iranduba,Amazonas,AM,Converge - AM/RR/AP,(+55 92 8432-6005 / +55 92 8432-6005) | contato@convergetec.com.br | https://convergetec.com.br/contato/
Irati,Santa Catarina,SC,Pequenas Contas - (FAEE - SC),Canal Direto: (49) 3433-3478
Itacoatiara,Amazonas,AM,Converge - AM/RR/AP,(+55 92 8432-6005 / +55 92 8432-6005) | contato@convergetec.com.br | https://convergetec.com.br/contato/
Itagi,Bahia,BA,Pequenas Contas - (Tosper - BA),(48) 99999-9999 / Email.@teste.com / www.betha.com.br
Itaguaçu da Bahia,Bahia,BA,Pequenas Contas - (Tosper - BA),(48) 99999-9999 / Email.@teste.com / www.betha.com.br
Itaguaí,Rio de Janeiro,RJ,Custom - RJ,(48) 99999-9999 / Email.@teste.com / www.betha.com.br
Itaguara,Minas Gerais,MG,ASI - MG,(31) 2511 - 7252 / (31) 2780 - 0347 |  asi@asimg.com.br |  https://www.asi.com.br/areadocliente
Itaitinga,Ceará,CE,Publis - CE,(48) 99999-9999 / Email.@teste.com / www.betha.com.br
Itajaí,Santa Catarina,SC,Grandes Contas (SC e PR),(48) 99999-9999 / Email.@teste.com / www.betha.com.br
Itaóca,São Paulo,SP,CSM - SP,(16) 3797-6333 | E-mail: diretoria@csmsoft.com.br
Itapema,Santa Catarina,SC,Pequenas Contas - (Digital - SC),Canal Direto: (48) 99146-7330
Itaquiraí,Mato Grosso do Sul,MS,Staf Sistemas - MS,(48) 99999-9999 / Email.@teste.com / www.betha.com.br
Itatiaia,Rio de Janeiro,RJ,Custom - RJ,(48) 99999-9999 / Email.@teste.com / www.betha.com.br
Itatiaiuçu,Minas Gerais,MG,CMM - MG,( (31) 4042-1167 / (31) 3197-0867) | | (Contábil: suporte.contabil@cmmsistemas.com.br / Gestão de Materiais: suporte.materiais@cmmsistemas.com.br / Folha/RH: suporte.folha@cmmsistemas.com.br / Arrecadação: suporte.arrecadacao@cmmsistemas.com.br / Gestão em Educação: suporte.educacao@cmmsistemas.com.br / Informática/TI: suporte.informatica@cmmsistemas.com.br) | https://cmmsistemas.com.br/suporte/
Itaúna,Minas Gerais,MG,CMM - MG,( (31) 4042-1167 / (31) 3197-0867) | | (Contábil: suporte.contabil@cmmsistemas.com.br / Gestão de Materiais: suporte.materiais@cmmsistemas.com.br / Folha/RH: suporte.folha@cmmsistemas.com.br / Arrecadação: suporte.arrecadacao@cmmsistemas.com.br / Gestão em Educação: suporte.educacao@cmmsistemas.com.br / Informática/TI: suporte.informatica@cmmsistemas.com.br) | https://cmmsistemas.com.br/suporte/
Itiquira,Mato Grosso,MT,Staf Sistemas - MS/MT,(48) 99999-9999 / Email.@teste.com / www.betha.com.br
Jaborá,Santa Catarina,SC,Pequenas Contas - (FAEE - SC),Canal Direto: (49) 3433-3478
Jaboticabal,São Paulo,SP,CSM - SP,(16) 3797-6333 | E-mail: diretoria@csmsoft.com.br
Jacuizinho,Rio Grande do Sul,RS,Delta - RS,(51)3235-4200 | mailto:delta@deltainf.com.br | https://deltainf.com.br/portal-do-cliente/
Jaguari,Rio Grande do Sul,RS,Delta - RS,(51)3235-4200 | mailto:delta@deltainf.com.br | https://deltainf.com.br/portal-do-cliente/
Jaguariaíva,Paraná,PR,Pequenas Contas - (Publis - PR),(48) 99999-9999 / Email.@teste.com / www.betha.com.br
,,,Publis - PR,(48) 99999-9999 / Email.@teste.com / www.betha.com.br
Jambeiro,São Paulo,SP,Casp Vale - SP,"(Financeiro — 12 99603-1032
Técnico (Contabilidade/Planejamento/Tesouraria) — 12 99603-1030
Arrecadação e Fiscalização — 12 99745-7223 / 17 99677-1552
Recursos Humanos — 12 99732-7222 / 12 98863-8657
Compras e Contratos — 12 99760-3872 / 17 99677-1552
Saúde e Farmácia — 12 99786-2759 )| contato@caspvale.com.br
| https://www.caspvale.com.br/index.html"
Japira,Paraná,PR,Publis - PR,(48) 99999-9999 / Email.@teste.com / www.betha.com.br
Jaraguá do Sul,Santa Catarina,SC,Grandes Contas (SC e PR),(48) 99999-9999 / Email.@teste.com / www.betha.com.br
Jardinópolis,São Paulo,SP,CSM - SP,(16) 3797-6333 | E-mail: diretoria@csmsoft.com.br
Jari,Rio Grande do Sul,RS,Delta - RS,(51)3235-4200 | mailto:delta@deltainf.com.br | https://deltainf.com.br/portal-do-cliente/
Jordão,Acre,AC,Status - AC,(48) 99999-9999 / Email.@teste.com / www.betha.com.br
Juruti,Pará,PA,Pequenas Contas - (Sistemática - PA),(48) 99999-9999 / Email.@teste.com / www.betha.com.br
Lages,Santa Catarina,SC,Grandes Contas (SC e PR),(48) 99999-9999 / Email.@teste.com / www.betha.com.br
Lagoa da Prata,Minas Gerais,MG,CMM - MG,( (31) 4042-1167 / (31) 3197-0867) | | (Contábil: suporte.contabil@cmmsistemas.com.br / Gestão de Materiais: suporte.materiais@cmmsistemas.com.br / Folha/RH: suporte.folha@cmmsistemas.com.br / Arrecadação: suporte.arrecadacao@cmmsistemas.com.br / Gestão em Educação: suporte.educacao@cmmsistemas.com.br / Informática/TI: suporte.informatica@cmmsistemas.com.br) | https://cmmsistemas.com.br/suporte/
Lagoa Dourada,Minas Gerais,MG,ASI - MG,(31) 2511 - 7252 / (31) 2780 - 0347 |  asi@asimg.com.br |  https://www.asi.com.br/areadocliente
Laguna Carapã,Mato Grosso do Sul,MS,Staf Sistemas - MS,(48) 99999-9999 / Email.@teste.com / www.betha.com.br
Lajeado do Bugre,Rio Grande do Sul,RS,Delta - RS,(51)3235-4200 | mailto:delta@deltainf.com.br | https://deltainf.com.br/portal-do-cliente/
Lindoeste,Paraná,PR,Espyl - PR,(48) 99999-9999 / Email.@teste.com / www.betha.com.br
Lobato,Paraná,PR,Prodasp - PR,(48) 99999-9999 / Email.@teste.com / www.betha.com.br
Lucas do Rio Verde,Mato Grosso,MT,Staf Sistemas - MS/MT,(48) 99999-9999 / Email.@teste.com / www.betha.com.br
Luz,Minas Gerais,MG,CMM - MG,( (31) 4042-1167 / (31) 3197-0867) | | (Contábil: suporte.contabil@cmmsistemas.com.br / Gestão de Materiais: suporte.materiais@cmmsistemas.com.br / Folha/RH: suporte.folha@cmmsistemas.com.br / Arrecadação: suporte.arrecadacao@cmmsistemas.com.br / Gestão em Educação: suporte.educacao@cmmsistemas.com.br / Informática/TI: suporte.informatica@cmmsistemas.com.br) | https://cmmsistemas.com.br/suporte/
Macaubal,São Paulo,SP,BW Sistemas - SP,(17) 3874-1210 | contato@bwinformatica.com.br | https://www.bwinformatica.com.br/Contato
Macieira,Santa Catarina,SC,Pequenas Contas - (FAEE - SC),Canal Direto: (49) 3433-3478
Madre de Deus,Bahia,BA,Pequenas Contas - (Tosper - BA),(48) 99999-9999 / Email.@teste.com / www.betha.com.br
Mallet,Paraná,PR,Pequenas Contas - (Vella - PR),(48) 99999-9999 / Email.@teste.com / www.betha.com.br
,,,Theorema - PR,(48) 99999-9999 / Email.@teste.com / www.betha.com.br
Mampituba,Rio Grande do Sul,RS,Delta - RS,(51)3235-4200 | mailto:delta@deltainf.com.br | https://deltainf.com.br/portal-do-cliente/
Manacapuru,Amazonas,AM,Converge - AM/RR/AP,(+55 92 8432-6005 / +55 92 8432-6005) | contato@convergetec.com.br | https://convergetec.com.br/contato/
Manaus,Amazonas,AM,Converge - AM/RR/AP,(+55 92 8432-6005 / +55 92 8432-6005) | contato@convergetec.com.br | https://convergetec.com.br/contato/
Mâncio Lima,Acre,AC,Status - AC,(48) 99999-9999 / Email.@teste.com / www.betha.com.br
Mandaguaçu,Paraná,PR,Prodasp - PR,(48) 99999-9999 / Email.@teste.com / www.betha.com.br
Mandirituba,Paraná,PR,Pequenas Contas - (Vella - PR),(48) 99999-9999 / Email.@teste.com / www.betha.com.br
,,,Pequenas Contas - (Vista Sistemas - PR),(48) 99999-9999 / Email.@teste.com / www.betha.com.br
Mangueirinha,Paraná,PR,Pequenas Contas - (Vella - PR),(48) 99999-9999 / Email.@teste.com / www.betha.com.br
Manicoré,Amazonas,AM,Converge - AM/RR/AP,(+55 92 8432-6005 / +55 92 8432-6005) | contato@convergetec.com.br | https://convergetec.com.br/contato/
Manoel Urbano,Acre,AC,Status - AC,(48) 99999-9999 / Email.@teste.com / www.betha.com.br
Mantena,Minas Gerais,MG,Solução - MG,(48) 99999-9999 / Email.@teste.com / www.betha.com.br
Maracaju,Mato Grosso do Sul,MS,Staf Sistemas - MS,(48) 99999-9999 / Email.@teste.com / www.betha.com.br
Maracanaú,Ceará,CE,Publis - CE,(48) 99999-9999 / Email.@teste.com / www.betha.com.br
Maragogipe,Bahia,BA,Pequenas Contas - (Tosper - BA),(48) 99999-9999 / Email.@teste.com / www.betha.com.br
Maravilha,Santa Catarina,SC,Pequenas Contas - (FAEE - SC),Canal Direto: (49) 3433-3478
Marechal Thaumaturgo,Acre,AC,Status - AC,(48) 99999-9999 / Email.@teste.com / www.betha.com.br
Marema,Santa Catarina,SC,Pequenas Contas - (FAEE - SC),Canal Direto: (49) 3433-3478
Mariana,Minas Gerais,MG,CMM - MG,( (31) 4042-1167 / (31) 3197-0867) | | (Contábil: suporte.contabil@cmmsistemas.com.br / Gestão de Materiais: suporte.materiais@cmmsistemas.com.br / Folha/RH: suporte.folha@cmmsistemas.com.br / Arrecadação: suporte.arrecadacao@cmmsistemas.com.br / Gestão em Educação: suporte.educacao@cmmsistemas.com.br / Informática/TI: suporte.informatica@cmmsistemas.com.br) | https://cmmsistemas.com.br/suporte/
Marilândia do Sul,Paraná,PR,Publis - PR,(48) 99999-9999 / Email.@teste.com / www.betha.com.br
Marliéria,Minas Gerais,MG,Solução - MG,(48) 99999-9999 / Email.@teste.com / www.betha.com.br
Mata,Rio Grande do Sul,RS,Delta - RS,(51)3235-4200 | mailto:delta@deltainf.com.br | https://deltainf.com.br/portal-do-cliente/
Mata de São João,Bahia,BA,Pequenas Contas - (Tosper - BA),(48) 99999-9999 / Email.@teste.com / www.betha.com.br
Matos Costa,Santa Catarina,SC,Pequenas Contas - (FAEE - SC),Canal Direto: (49) 3433-3478
Mesópolis,São Paulo,SP,BW Sistemas - SP,(17) 3874-1210 | contato@bwinformatica.com.br | https://www.bwinformatica.com.br/Contato
Mimoso do Sul,Espírito Santo,ES,Projeta - ES/RJ,(48) 99999-9999 / Email.@teste.com / www.betha.com.br
Minas Novas,Minas Gerais,MG,CMM - MG,( (31) 4042-1167 / (31) 3197-0867) | | (Contábil: suporte.contabil@cmmsistemas.com.br / Gestão de Materiais: suporte.materiais@cmmsistemas.com.br / Folha/RH: suporte.folha@cmmsistemas.com.br / Arrecadação: suporte.arrecadacao@cmmsistemas.com.br / Gestão em Educação: suporte.educacao@cmmsistemas.com.br / Informática/TI: suporte.informatica@cmmsistemas.com.br) | https://cmmsistemas.com.br/suporte/
Miraguaí,Rio Grande do Sul,RS,Delta - RS,(51)3235-4200 | mailto:delta@deltainf.com.br | https://deltainf.com.br/portal-do-cliente/
Mirante do Paranapanema,São Paulo,SP,CSM - SP,(16) 3797-6333 | E-mail: diretoria@csmsoft.com.br
Mirassol d'Oeste,Mato Grosso,MT,Staf Sistemas - MS/MT,(48) 99999-9999 / Email.@teste.com / www.betha.com.br
Monte Alegre dos Campos,Rio Grande do Sul,RS,Delta - RS,(51)3235-4200 | mailto:delta@deltainf.com.br | https://deltainf.com.br/portal-do-cliente/
Monte Negro,Rondônia,RO,Sispel - RO,(48) 99999-9999 / Email.@teste.com / www.betha.com.br
Morrinhos do Sul,Rio Grande do Sul,RS,Delta - RS,(51)3235-4200 | mailto:delta@deltainf.com.br | https://deltainf.com.br/portal-do-cliente/
Mundo Novo,Mato Grosso do Sul,MS,Staf Sistemas - MS,(48) 99999-9999 / Email.@teste.com / www.betha.com.br
Munhoz de Melo,Paraná,PR,Prodasp - PR,(48) 99999-9999 / Email.@teste.com / www.betha.com.br
Natividade da Serra,São Paulo,SP,Casp Vale - SP,"(Financeiro — 12 99603-1032
Técnico (Contabilidade/Planejamento/Tesouraria) — 12 99603-1030
Arrecadação e Fiscalização — 12 99745-7223 / 17 99677-1552
Recursos Humanos — 12 99732-7222 / 12 98863-8657
Compras e Contratos — 12 99760-3872 / 17 99677-1552
Saúde e Farmácia — 12 99786-2759 )| contato@caspvale.com.br
| https://www.caspvale.com.br/index.html"
Nepomuceno,Minas Gerais,MG,ASI - MG,(31) 2511 - 7252 / (31) 2780 - 0347 |  asi@asimg.com.br |  https://www.asi.com.br/areadocliente
Neves Paulista,São Paulo,SP,BW Sistemas - SP,(17) 3874-1210 | contato@bwinformatica.com.br | https://www.bwinformatica.com.br/Contato
Nhamundá,Amazonas,AM,Converge - AM/RR/AP,(+55 92 8432-6005 / +55 92 8432-6005) | contato@convergetec.com.br | https://convergetec.com.br/contato/
Nhandeara,São Paulo,SP,BW Sistemas - SP,(17) 3874-1210 | contato@bwinformatica.com.br | https://www.bwinformatica.com.br/Contato
Nipoã,São Paulo,SP,BW Sistemas - SP,(17) 3874-1210 | contato@bwinformatica.com.br | https://www.bwinformatica.com.br/Contato
Nova América da Colina,Paraná,PR,Publis - PR,(48) 99999-9999 / Email.@teste.com / www.betha.com.br
Nova Andradina,Mato Grosso do Sul,MS,Staf Sistemas - MS,(48) 99999-9999 / Email.@teste.com / www.betha.com.br
Nova Aurora,Paraná,PR,Espyl - PR,(48) 99999-9999 / Email.@teste.com / www.betha.com.br
Nova Castilho,São Paulo,SP,BW Sistemas - SP,(17) 3874-1210 | contato@bwinformatica.com.br | https://www.bwinformatica.com.br/Contato
Nova Era,Minas Gerais,MG,ASI - MG,(31) 2511 - 7252 / (31) 2780 - 0347 |  asi@asimg.com.br |  https://www.asi.com.br/areadocliente
Nova Fátima,Paraná,PR,Theorema - PR,(48) 99999-9999 / Email.@teste.com / www.betha.com.br
,,,Vista Sistemas - PR,(48) 99999-9999 / Email.@teste.com / www.betha.com.br
Nova Lacerda,Mato Grosso,MT,Staf Sistemas - MS/MT,(48) 99999-9999 / Email.@teste.com / www.betha.com.br
Nova Luzitânia,São Paulo,SP,BW Sistemas - SP,(17) 3874-1210 | contato@bwinformatica.com.br | https://www.bwinformatica.com.br/Contato
Nova Nazaré,Mato Grosso,MT,Staf Sistemas - MS/MT,(48) 99999-9999 / Email.@teste.com / www.betha.com.br
Nova Santa Bárbara,Paraná,PR,Publis - PR,(48) 99999-9999 / Email.@teste.com / www.betha.com.br
Nova Trento,Santa Catarina,SC,Pequenas Contas (Urbis),Canal direto :   +55 48 3519-0477
Nova Xavantina,Mato Grosso,MT,Staf Sistemas - MS/MT,(48) 99999-9999 / Email.@teste.com / www.betha.com.br
Novo Airão,Amazonas,AM,Converge - AM/RR/AP,(+55 92 8432-6005 / +55 92 8432-6005) | contato@convergetec.com.br | https://convergetec.com.br/contato/
Novo Horizonte,Santa Catarina,SC,Pequenas Contas - (FAEE - SC),Canal Direto: (49) 3433-3478
Novo Horizonte do Sul,Mato Grosso do Sul,MS,Staf Sistemas - MS,(48) 99999-9999 / Email.@teste.com / www.betha.com.br
Novo Santo Antônio,Mato Grosso,MT,Staf Sistemas - MS/MT,(48) 99999-9999 / Email.@teste.com / www.betha.com.br
Novo Tiradentes,Rio Grande do Sul,RS,Delta - RS,(51)3235-4200 | mailto:delta@deltainf.com.br | https://deltainf.com.br/portal-do-cliente/
Olímpia,São Paulo,SP,BW Sistemas - SP,(17) 3874-1210 | contato@bwinformatica.com.br | https://www.bwinformatica.com.br/Contato
Orlândia,São Paulo,SP,CSM - SP,(16) 3797-6333 | E-mail: diretoria@csmsoft.com.br
Ortigueira,Paraná,PR,Theorema - PR,(48) 99999-9999 / Email.@teste.com / www.betha.com.br
,,,Vista Sistemas - PR,(48) 99999-9999 / Email.@teste.com / www.betha.com.br
Ourizona,Paraná,PR,Prodasp - PR,(48) 99999-9999 / Email.@teste.com / www.betha.com.br
Ouro Branco,Minas Gerais,MG,CMM - MG,( (31) 4042-1167 / (31) 3197-0867) | | (Contábil: suporte.contabil@cmmsistemas.com.br / Gestão de Materiais: suporte.materiais@cmmsistemas.com.br / Folha/RH: suporte.folha@cmmsistemas.com.br / Arrecadação: suporte.arrecadacao@cmmsistemas.com.br / Gestão em Educação: suporte.educacao@cmmsistemas.com.br / Informática/TI: suporte.informatica@cmmsistemas.com.br) | https://cmmsistemas.com.br/suporte/
Paim Filho,Rio Grande do Sul,RS,Pequenas Contas - (JLA - RS),(51)3235-4200 | mailto:delta@deltainf.com.br | https://deltainf.com.br/portal-do-cliente/
Palestina,São Paulo,SP,BW Sistemas - SP,(17) 3874-1210 | contato@bwinformatica.com.br | https://www.bwinformatica.com.br/Contato
Palmas,Paraná,PR,Pequenas Contas - (Vella - PR),(48) 99999-9999 / Email.@teste.com / www.betha.com.br
Palmeira,Santa Catarina,SC,Pequenas Contas (Urbis),Canal direto :   +55 48 3519-0477
Pantano Grande,Rio Grande do Sul,RS,Delta - RS,(51)3235-4200 | mailto:delta@deltainf.com.br | https://deltainf.com.br/portal-do-cliente/
Pará de Minas,Minas Gerais,MG,CMM - MG,( (31) 4042-1167 / (31) 3197-0867) | | (Contábil: suporte.contabil@cmmsistemas.com.br / Gestão de Materiais: suporte.materiais@cmmsistemas.com.br / Folha/RH: suporte.folha@cmmsistemas.com.br / Arrecadação: suporte.arrecadacao@cmmsistemas.com.br / Gestão em Educação: suporte.educacao@cmmsistemas.com.br / Informática/TI: suporte.informatica@cmmsistemas.com.br) | https://cmmsistemas.com.br/suporte/
Paracambi,Rio de Janeiro,RJ,Projeta - ES/RJ,(48) 99999-9999 / Email.@teste.com / www.betha.com.br
Paraíba do Sul,Rio de Janeiro,RJ,Custom - RJ,(48) 99999-9999 / Email.@teste.com / www.betha.com.br
Paraibuna,São Paulo,SP,Casp Vale - SP,"(Financeiro — 12 99603-1032
Técnico (Contabilidade/Planejamento/Tesouraria) — 12 99603-1030
Arrecadação e Fiscalização — 12 99745-7223 / 17 99677-1552
Recursos Humanos — 12 99732-7222 / 12 98863-8657
Compras e Contratos — 12 99760-3872 / 17 99677-1552
Saúde e Farmácia — 12 99786-2759 )| contato@caspvale.com.br
| https://www.caspvale.com.br/index.html"
Parecis,Rondônia,RO,Sispel - RO,(48) 99999-9999 / Email.@teste.com / www.betha.com.br
Pato Branco,Paraná,PR,Pequenas Contas - (Vella - PR),(48) 99999-9999 / Email.@teste.com / www.betha.com.br
Paty do Alferes,Rio de Janeiro,RJ,Sigein - RJ,(48) 99999-9999 / Email.@teste.com / www.betha.com.br
Pauini,Amazonas,AM,Converge - AM/RR/AP,(+55 92 8432-6005 / +55 92 8432-6005) | contato@convergetec.com.br | https://convergetec.com.br/contato/
Paula Freitas,Paraná,PR,Pequenas Contas - (Vella - PR),(48) 99999-9999 / Email.@teste.com / www.betha.com.br
Paulo Frontin,Paraná,PR,Pequenas Contas - (Vella - PR),(48) 99999-9999 / Email.@teste.com / www.betha.com.br
Pelotas,Rio Grande do Sul,RS,Delta - RS,(51)3235-4200 | mailto:delta@deltainf.com.br | https://deltainf.com.br/portal-do-cliente/
Penedo,Alagoas,AL,Pequenas Contas - (Tosper - BA),(48) 99999-9999 / Email.@teste.com / www.betha.com.br
Piatã,Bahia,BA,Pequenas Contas - (Tosper - BA),(48) 99999-9999 / Email.@teste.com / www.betha.com.br
Pinhal da Serra,Rio Grande do Sul,RS,Delta - RS,(51)3235-4200 | mailto:delta@deltainf.com.br | https://deltainf.com.br/portal-do-cliente/
Pinhalão,Paraná,PR,Theorema - PR,(48) 99999-9999 / Email.@teste.com / www.betha.com.br
Pinheiral,Rio de Janeiro,RJ,Custom - RJ,(48) 99999-9999 / Email.@teste.com / www.betha.com.br
Pinheirinho do Vale,Rio Grande do Sul,RS,Delta - RS,(51)3235-4200 | mailto:delta@deltainf.com.br | https://deltainf.com.br/portal-do-cliente/
Piraí,Rio de Janeiro,RJ,Custom - RJ,(48) 99999-9999 / Email.@teste.com / www.betha.com.br
Pitangueiras,Paraná,PR,Prodasp - PR,(48) 99999-9999 / Email.@teste.com / www.betha.com.br
Placas,Pará,PA,Pequenas Contas - (Sistemática - PA),(48) 99999-9999 / Email.@teste.com / www.betha.com.br
Plácido de Castro,Acre,AC,Status - AC,(48) 99999-9999 / Email.@teste.com / www.betha.com.br
Planalto,São Paulo,SP,BW Sistemas - SP,(17) 3874-1210 | contato@bwinformatica.com.br | https://www.bwinformatica.com.br/Contato
Planura,Minas Gerais,MG,Sigma - MG,(48) 99999-9999 / Email.@teste.com / www.betha.com.br
Ponte Alta do Norte,Santa Catarina,SC,Pequenas Contas - (FAEE - SC),Canal Direto: (49) 3433-3478
Ponte Serrada,Santa Catarina,SC,Pequenas Contas - (FAEE - SC),Canal Direto: (49) 3433-3478
Pontes e Lacerda,Mato Grosso,MT,Staf Sistemas - MS/MT,(48) 99999-9999 / Email.@teste.com / www.betha.com.br
Porto Acre,Acre,AC,Status - AC,(48) 99999-9999 / Email.@teste.com / www.betha.com.br
Porto Murtinho,Mato Grosso do Sul,MS,Staf Sistemas - MS,(48) 99999-9999 / Email.@teste.com / www.betha.com.br
Porto Real,Rio de Janeiro,RJ,Custom - RJ,(48) 99999-9999 / Email.@teste.com / www.betha.com.br
Porto Vitória,Paraná,PR,Pequenas Contas - (Vella - PR),(48) 99999-9999 / Email.@teste.com / www.betha.com.br
Porto Walter,Acre,AC,Status - AC,(48) 99999-9999 / Email.@teste.com / www.betha.com.br
Presidente Castello Branco,Santa Catarina,SC,Pequenas Contas - (FAEE - SC),Canal Direto: (49) 3433-3478
Presidente Dutra,Bahia,BA,Pequenas Contas - (Tosper - BA),(48) 99999-9999 / Email.@teste.com / www.betha.com.br
Primavera de Rondônia,Rondônia,RO,Sispel - RO,(48) 99999-9999 / Email.@teste.com / www.betha.com.br
Quatis,Rio de Janeiro,RJ,Custom - RJ,(48) 99999-9999 / Email.@teste.com / www.betha.com.br
Quevedos,Rio Grande do Sul,RS,Delta - RS,(51)3235-4200 | mailto:delta@deltainf.com.br | https://deltainf.com.br/portal-do-cliente/
Quilombo,Santa Catarina,SC,Pequenas Contas - (FAEE - SC),Canal Direto: (49) 3433-3478
Raposos,Minas Gerais,MG,ASI - MG,(31) 2511 - 7252 / (31) 2780 - 0347 |  asi@asimg.com.br |  https://www.asi.com.br/areadocliente
Resende,Rio de Janeiro,RJ,Custom - RJ,(48) 99999-9999 / Email.@teste.com / www.betha.com.br
Ribeirão das Neves,Minas Gerais,MG,CMM - MG,( (31) 4042-1167 / (31) 3197-0867) | | (Contábil: suporte.contabil@cmmsistemas.com.br / Gestão de Materiais: suporte.materiais@cmmsistemas.com.br / Folha/RH: suporte.folha@cmmsistemas.com.br / Arrecadação: suporte.arrecadacao@cmmsistemas.com.br / Gestão em Educação: suporte.educacao@cmmsistemas.com.br / Informática/TI: suporte.informatica@cmmsistemas.com.br) | https://cmmsistemas.com.br/suporte/
Ribeirão Preto,São Paulo,SP,CSM - SP,(16) 3797-6333 | E-mail: diretoria@csmsoft.com.br
Rincão,São Paulo,SP,BW Sistemas - SP,(17) 3874-1210 | contato@bwinformatica.com.br | https://www.bwinformatica.com.br/Contato
Rio Branco,Acre,AC,Status - AC,(48) 99999-9999 / Email.@teste.com / www.betha.com.br
Rio Brilhante,Mato Grosso do Sul,MS,Staf Sistemas - MS,(48) 99999-9999 / Email.@teste.com / www.betha.com.br
Rio Claro,São Paulo,SP,CSM - SP,(16) 3797-6333 | E-mail: diretoria@csmsoft.com.br
Rio das Flores,Rio de Janeiro,RJ,Custom - RJ,(48) 99999-9999 / Email.@teste.com / www.betha.com.br
Rio Verde de Mato Grosso,Mato Grosso do Sul,MS,Staf Sistemas - MS,(48) 99999-9999 / Email.@teste.com / www.betha.com.br
Riolândia,São Paulo,SP,BW Sistemas - SP,(17) 3874-1210 | contato@bwinformatica.com.br | https://www.bwinformatica.com.br/Contato
Rodrigues Alves,Acre,AC,Status - AC,(48) 99999-9999 / Email.@teste.com / www.betha.com.br
Rolante,Rio Grande do Sul,RS,Delta - RS,(51)3235-4200 | mailto:delta@deltainf.com.br | https://deltainf.com.br/portal-do-cliente/
Rondinha,Rio Grande do Sul,RS,Delta - RS,(51)3235-4200 | mailto:delta@deltainf.com.br | https://deltainf.com.br/portal-do-cliente/
Rurópolis,Pará,PA,Pequenas Contas - (Sistemática - PA),(48) 99999-9999 / Email.@teste.com / www.betha.com.br
Sabáudia,Paraná,PR,Publis - PR,(48) 99999-9999 / Email.@teste.com / www.betha.com.br
Sacramento,Minas Gerais,MG,CMM - MG,( (31) 4042-1167 / (31) 3197-0867) | | (Contábil: suporte.contabil@cmmsistemas.com.br / Gestão de Materiais: suporte.materiais@cmmsistemas.com.br / Folha/RH: suporte.folha@cmmsistemas.com.br / Arrecadação: suporte.arrecadacao@cmmsistemas.com.br / Gestão em Educação: suporte.educacao@cmmsistemas.com.br / Informática/TI: suporte.informatica@cmmsistemas.com.br) | https://cmmsistemas.com.br/suporte/
Salto do Itararé,Paraná,PR,Vista Sistemas - PR,(48) 99999-9999 / Email.@teste.com / www.betha.com.br
Salto Veloso,Santa Catarina,SC,Pequenas Contas - (FAEE - SC),Canal Direto: (49) 3433-3478
Salvador das Missões,Rio Grande do Sul,RS,Delta - RS,(51)3235-4200 | mailto:delta@deltainf.com.br | https://deltainf.com.br/portal-do-cliente/
Santa Cruz,Rio Grande do Norte,RN,HBF - RN,(48) 99999-9999 / Email.@teste.com / www.betha.com.br
Santa Fé do Sul,São Paulo,SP,BW Sistemas - SP,(17) 3874-1210 | contato@bwinformatica.com.br | https://www.bwinformatica.com.br/Contato
Santa Gertrudes,São Paulo,SP,CSM - SP,(16) 3797-6333 | E-mail: diretoria@csmsoft.com.br
Santa Isabel do Rio Negro,Amazonas,AM,Converge - AM/RR/AP,(+55 92 8432-6005 / +55 92 8432-6005) | contato@convergetec.com.br | https://convergetec.com.br/contato/
Santa Luzia d'Oeste,Rondônia,RO,Sispel - RO,(48) 99999-9999 / Email.@teste.com / www.betha.com.br
Santa Maria de Itabira,Minas Gerais,MG,ASI - MG,(31) 2511 - 7252 / (31) 2780 - 0347 |  asi@asimg.com.br |  https://www.asi.com.br/areadocliente
Santa Rosa de Viterbo,São Paulo,SP,CSM - SP,(16) 3797-6333 | E-mail: diretoria@csmsoft.com.br
Santa Rosa do Purus,Acre,AC,Status - AC,(48) 99999-9999 / Email.@teste.com / www.betha.com.br
Santa Terezinha,Mato Grosso,MT,Staf Sistemas - MS/MT,(48) 99999-9999 / Email.@teste.com / www.betha.com.br
Santa Terezinha do Progresso,Santa Catarina,SC,Pequenas Contas - (FAEE - SC),Canal Direto: (49) 3433-3478
Santana da Vargem,Minas Gerais,MG,Solução - MG,(48) 99999-9999 / Email.@teste.com / www.betha.com.br
Santana do Itararé,Paraná,PR,Vista Sistemas - PR,(48) 99999-9999 / Email.@teste.com / www.betha.com.br
Santana do Paraíso,Minas Gerais,MG,Solução - MG,(48) 99999-9999 / Email.@teste.com / www.betha.com.br
Santiago,Rio Grande do Sul,RS,Delta - RS,(51)3235-4200 | mailto:delta@deltainf.com.br | https://deltainf.com.br/portal-do-cliente/
Santiago do Sul,Santa Catarina,SC,Pequenas Contas - (FAEE - SC),Canal Direto: (49) 3433-3478
Santo Antônio do Caiuá,Paraná,PR,Prodasp - PR,(48) 99999-9999 / Email.@teste.com / www.betha.com.br
Santo Antônio do Içá,Amazonas,AM,Converge - AM/RR/AP,(+55 92 8432-6005 / +55 92 8432-6005) | contato@convergetec.com.br | https://convergetec.com.br/contato/
Santo Antônio do Paraíso,Paraná,PR,Vista Sistemas - PR,(48) 99999-9999 / Email.@teste.com / www.betha.com.br
Santo Antônio do Pinhal,São Paulo,SP,Casp Vale - SP,"(Financeiro — 12 99603-1032
Técnico (Contabilidade/Planejamento/Tesouraria) — 12 99603-1030
Arrecadação e Fiscalização — 12 99745-7223 / 17 99677-1552
Recursos Humanos — 12 99732-7222 / 12 98863-8657
Compras e Contratos — 12 99760-3872 / 17 99677-1552
Saúde e Farmácia — 12 99786-2759 )| contato@caspvale.com.br
| https://www.caspvale.com.br/index.html"
São Bento do Sul,Santa Catarina,SC,Grandes Contas (SC e PR),(48) 99999-9999 / Email.@teste.com / www.betha.com.br
São Carlos do Ivaí,Paraná,PR,Prodasp - PR,(48) 99999-9999 / Email.@teste.com / www.betha.com.br
São Domingos,Santa Catarina,SC,Pequenas Contas - (FAEE - SC),Canal Direto: (49) 3433-3478
São Francisco do Guaporé,Rondônia,RO,Sispel - RO,(48) 99999-9999 / Email.@teste.com / www.betha.com.br
São Jerônimo,Rio Grande do Sul,RS,Delta - RS,(51)3235-4200 | mailto:delta@deltainf.com.br | https://deltainf.com.br/portal-do-cliente/
São Jerônimo da Serra,Paraná,PR,Vista Sistemas - PR,(48) 99999-9999 / Email.@teste.com / www.betha.com.br
São João de Iracema,São Paulo,SP,BW Sistemas - SP,(17) 3874-1210 | contato@bwinformatica.com.br | https://www.bwinformatica.com.br/Contato
São João do Triunfo,Paraná,PR,Pequenas Contas - (Vella - PR),(48) 99999-9999 / Email.@teste.com / www.betha.com.br
São Jorge do Ivaí,Paraná,PR,Prodasp - PR,(48) 99999-9999 / Email.@teste.com / www.betha.com.br
São José da Boa Vista,Paraná,PR,Theorema - PR,(48) 99999-9999 / Email.@teste.com / www.betha.com.br
,,,Vista Sistemas - PR,(48) 99999-9999 / Email.@teste.com / www.betha.com.br
São José do Barreiro,São Paulo,SP,Casp Vale - SP,"(Financeiro — 12 99603-1032
Técnico (Contabilidade/Planejamento/Tesouraria) — 12 99603-1030
Arrecadação e Fiscalização — 12 99745-7223 / 17 99677-1552
Recursos Humanos — 12 99732-7222 / 12 98863-8657
Compras e Contratos — 12 99760-3872 / 17 99677-1552
Saúde e Farmácia — 12 99786-2759 )| contato@caspvale.com.br
| https://www.caspvale.com.br/index.html"
São José do Hortêncio,Rio Grande do Sul,RS,Delta - RS,(51)3235-4200 | mailto:delta@deltainf.com.br | https://deltainf.com.br/portal-do-cliente/
São José do Ouro,Rio Grande do Sul,RS,Delta - RS,(51)3235-4200 | mailto:delta@deltainf.com.br | https://deltainf.com.br/portal-do-cliente/
São José dos Ausentes,Rio Grande do Sul,RS,Delta - RS,(51)3235-4200 | mailto:delta@deltainf.com.br | https://deltainf.com.br/portal-do-cliente/
São José dos Campos,São Paulo,SP,Casp Vale - SP,"(Financeiro — 12 99603-1032
Técnico (Contabilidade/Planejamento/Tesouraria) — 12 99603-1030
Arrecadação e Fiscalização — 12 99745-7223 / 17 99677-1552
Recursos Humanos — 12 99732-7222 / 12 98863-8657
Compras e Contratos — 12 99760-3872 / 17 99677-1552
Saúde e Farmácia — 12 99786-2759 )| contato@caspvale.com.br
| https://www.caspvale.com.br/index.html"
São Luís do Paraitinga,São Paulo,SP,Casp Vale - SP,"(Financeiro — 12 99603-1032
Técnico (Contabilidade/Planejamento/Tesouraria) — 12 99603-1030
Arrecadação e Fiscalização — 12 99745-7223 / 17 99677-1552
Recursos Humanos — 12 99732-7222 / 12 98863-8657
Compras e Contratos — 12 99760-3872 / 17 99677-1552
Saúde e Farmácia — 12 99786-2759 )| contato@caspvale.com.br
| https://www.caspvale.com.br/index.html"
São Pedro do Iguaçu,Paraná,PR,Espyl - PR,(48) 99999-9999 / Email.@teste.com / www.betha.com.br
São Sebastião do Oeste,Minas Gerais,MG,CMM - MG,( (31) 4042-1167 / (31) 3197-0867) | | (Contábil: suporte.contabil@cmmsistemas.com.br / Gestão de Materiais: suporte.materiais@cmmsistemas.com.br / Folha/RH: suporte.folha@cmmsistemas.com.br / Arrecadação: suporte.arrecadacao@cmmsistemas.com.br / Gestão em Educação: suporte.educacao@cmmsistemas.com.br / Informática/TI: suporte.informatica@cmmsistemas.com.br) | https://cmmsistemas.com.br/suporte/
São Simão,São Paulo,SP,CSM - SP,(16) 3797-6333 | E-mail: diretoria@csmsoft.com.br
Sapezal,Mato Grosso,MT,Staf Sistemas - MS/MT,(48) 99999-9999 / Email.@teste.com / www.betha.com.br
Sapucaia,Rio de Janeiro,RJ,Sigein - RJ,(48) 99999-9999 / Email.@teste.com / www.betha.com.br
Sarzedo,Minas Gerais,MG,ASI - MG,(31) 2511 - 7252 / (31) 2780 - 0347 |  asi@asimg.com.br |  https://www.asi.com.br/areadocliente
Sebastianópolis do Sul,São Paulo,SP,BW Sistemas - SP,(17) 3874-1210 | contato@bwinformatica.com.br | https://www.bwinformatica.com.br/Contato
Seberi,Rio Grande do Sul,RS,Delta - RS,(51)3235-4200 | mailto:delta@deltainf.com.br | https://deltainf.com.br/portal-do-cliente/
Sena Madureira,Acre,AC,Status - AC,(48) 99999-9999 / Email.@teste.com / www.betha.com.br
Senador Guiomard,Acre,AC,Status - AC,(48) 99999-9999 / Email.@teste.com / www.betha.com.br
Serra Azul,São Paulo,SP,CSM - SP,(16) 3797-6333 | E-mail: diretoria@csmsoft.com.br
Serrana,São Paulo,SP,CSM - SP,(16) 3797-6333 | E-mail: diretoria@csmsoft.com.br
Serrania,Minas Gerais,MG,ASI - MG,(31) 2511 - 7252 / (31) 2780 - 0347 |  asi@asimg.com.br |  https://www.asi.com.br/areadocliente
Sertaneja,Paraná,PR,Theorema - PR,(48) 99999-9999 / Email.@teste.com / www.betha.com.br
Sertão Santana,Rio Grande do Sul,RS,Delta - RS,(51)3235-4200 | mailto:delta@deltainf.com.br | https://deltainf.com.br/portal-do-cliente/
Siqueira Campos,Paraná,PR,Vista Sistemas - PR,(48) 99999-9999 / Email.@teste.com / www.betha.com.br
Socorro,São Paulo,SP,CSM - SP,(16) 3797-6333 | E-mail: diretoria@csmsoft.com.br
Tamarana,Paraná,PR,Publis - PR,(48) 99999-9999 / Email.@teste.com / www.betha.com.br
Tapauá,Amazonas,AM,Converge - AM/RR/AP,(+55 92 8432-6005 / +55 92 8432-6005) | contato@convergetec.com.br | https://convergetec.com.br/contato/
Taquaral,São Paulo,SP,CSM - SP,(16) 3797-6333 | E-mail: diretoria@csmsoft.com.br
Taquaruçu do Sul,Rio Grande do Sul,RS,Delta - RS,(51)3235-4200 | mailto:delta@deltainf.com.br | https://deltainf.com.br/portal-do-cliente/
Taquarussu,Mato Grosso do Sul,MS,Staf Sistemas - MS,(48) 99999-9999 / Email.@teste.com / www.betha.com.br
Tarauacá,Acre,AC,Status - AC,(48) 99999-9999 / Email.@teste.com / www.betha.com.br
Taubaté,São Paulo,SP,Casp Vale - SP,"(Financeiro — 12 99603-1032
Técnico (Contabilidade/Planejamento/Tesouraria) — 12 99603-1030
Arrecadação e Fiscalização — 12 99745-7223 / 17 99677-1552
Recursos Humanos — 12 99732-7222 / 12 98863-8657
Compras e Contratos — 12 99760-3872 / 17 99677-1552
Saúde e Farmácia — 12 99786-2759 )| contato@caspvale.com.br
| https://www.caspvale.com.br/index.html"
Teixeirópolis,Rondônia,RO,Sispel - RO,(48) 99999-9999 / Email.@teste.com / www.betha.com.br
Tenente Portela,Rio Grande do Sul,RS,Delta - RS,(51)3235-4200 | mailto:delta@deltainf.com.br | https://deltainf.com.br/portal-do-cliente/
Teofilândia,Bahia,BA,Pequenas Contas - (Tosper - BA),(48) 99999-9999 / Email.@teste.com / www.betha.com.br
Terra de Areia,Rio Grande do Sul,RS,Delta - RS,(51)3235-4200 | mailto:delta@deltainf.com.br | https://deltainf.com.br/portal-do-cliente/
Terra Roxa,São Paulo,SP,BW Sistemas - SP,(17) 3874-1210 | contato@bwinformatica.com.br | https://www.bwinformatica.com.br/Contato
Timóteo,Minas Gerais,MG,Pequenas Contas - (Solução - MG),(48) 99999-9999 / Email.@teste.com / www.betha.com.br
,,,Solução - MG,(48) 99999-9999 / Email.@teste.com / www.betha.com.br
Tomazina,Paraná,PR,Publis - PR,(48) 99999-9999 / Email.@teste.com / www.betha.com.br
Toropi,Rio Grande do Sul,RS,Delta - RS,(51)3235-4200 | mailto:delta@deltainf.com.br | https://deltainf.com.br/portal-do-cliente/
Torres,Rio Grande do Sul,RS,Delta - RS,(51)3235-4200 | mailto:delta@deltainf.com.br | https://deltainf.com.br/portal-do-cliente/
Trairão,Pará,PA,Pequenas Contas - (Sistemática - PA),(48) 99999-9999 / Email.@teste.com / www.betha.com.br
Três Fronteiras,São Paulo,SP,BW Sistemas - SP,(17) 3874-1210 | contato@bwinformatica.com.br | https://www.bwinformatica.com.br/Contato
Três Passos,Rio Grande do Sul,RS,Delta - RS,(51)3235-4200 | mailto:delta@deltainf.com.br | https://deltainf.com.br/portal-do-cliente/
Tubarão,Santa Catarina,SC,Grandes Contas (SC e PR),(48) 99999-9999 / Email.@teste.com / www.betha.com.br
Turiúba,São Paulo,SP,BW Sistemas - SP,(17) 3874-1210 | contato@bwinformatica.com.br | https://www.bwinformatica.com.br/Contato
Uberlândia,Minas Gerais,MG,CMM - MG,( (31) 4042-1167 / (31) 3197-0867) | | (Contábil: suporte.contabil@cmmsistemas.com.br / Gestão de Materiais: suporte.materiais@cmmsistemas.com.br / Folha/RH: suporte.folha@cmmsistemas.com.br / Arrecadação: suporte.arrecadacao@cmmsistemas.com.br / Gestão em Educação: suporte.educacao@cmmsistemas.com.br / Informática/TI: suporte.informatica@cmmsistemas.com.br) | https://cmmsistemas.com.br/suporte/
União da Vitória,Paraná,PR,Pequenas Contas - (Vella - PR),(48) 99999-9999 / Email.@teste.com / www.betha.com.br
União do Oeste,Santa Catarina,SC,Pequenas Contas - (FAEE - SC),Canal Direto: (49) 3433-3478
Unistalda,Rio Grande do Sul,RS,Delta - RS,(51)3235-4200 | mailto:delta@deltainf.com.br | https://deltainf.com.br/portal-do-cliente/
Uruana de Minas,Minas Gerais,MG,ASI - MG,(31) 2511 - 7252 / (31) 2780 - 0347 |  asi@asimg.com.br |  https://www.asi.com.br/areadocliente
Urucurituba,Amazonas,AM,Converge - AM/RR/AP,(+55 92 8432-6005 / +55 92 8432-6005) | contato@convergetec.com.br | https://convergetec.com.br/contato/
Vacaria,Rio Grande do Sul,RS,Delta - RS,(51)3235-4200 | mailto:delta@deltainf.com.br | https://deltainf.com.br/portal-do-cliente/
Vale do Sol,Rio Grande do Sul,RS,Delta - RS,(51)3235-4200 | mailto:delta@deltainf.com.br | https://deltainf.com.br/portal-do-cliente/
Vargeão,Santa Catarina,SC,Pequenas Contas - (FAEE - SC),Canal Direto: (49) 3433-3478
Vargem Grande do Sul,São Paulo,SP,CSM - SP,(16) 3797-6333 | E-mail: diretoria@csmsoft.com.br
Várzea da Palma,Minas Gerais,MG,ASI - MG,(31) 2511 - 7252 / (31) 2780 - 0347 |  asi@asimg.com.br |  https://www.asi.com.br/areadocliente
Vassouras,Rio de Janeiro,RJ,Custom - RJ,(48) 99999-9999 / Email.@teste.com / www.betha.com.br
Vera Cruz do Oeste,Paraná,PR,Espyl - PR,(48) 99999-9999 / Email.@teste.com / www.betha.com.br
Viadutos,Rio Grande do Sul,RS,Delta - RS,(51)3235-4200 | mailto:delta@deltainf.com.br | https://deltainf.com.br/portal-do-cliente/
Vila Bela da Santíssima Trindade,Mato Grosso,MT,Staf Sistemas - MS/MT,(48) 99999-9999 / Email.@teste.com / www.betha.com.br
Vila Rica,Mato Grosso,MT,Staf Sistemas - MS/MT,(48) 99999-9999 / Email.@teste.com / www.betha.com.br
Viseu,Pará,PA,Pequenas Contas - (Sistemática - PA),(48) 99999-9999 / Email.@teste.com / www.betha.com.br
Vista Alegre,Rio Grande do Sul,RS,Delta - RS,(51)3235-4200 | mailto:delta@deltainf.com.br | https://deltainf.com.br/portal-do-cliente/
Vitorino,Paraná,PR,Pequenas Contas - (Vella - PR),(48) 99999-9999 / Email.@teste.com / www.betha.com.br
Volta Redonda,Rio de Janeiro,RJ,Projeta - ES/RJ,(48) 99999-9999 / Email.@teste.com / www.betha.com.br
Votuporanga,São Paulo,SP,BW Sistemas - SP,(17) 3874-1210 | contato@bwinformatica.com.br | https://www.bwinformatica.com.br/Contato
Wenceslau Braz,Paraná,PR,Theorema - PR,(48) 99999-9999 / Email.@teste.com / www.betha.com.br
Xanxerê,Santa Catarina,SC,Pequenas Contas - (FAEE - SC),Canal Direto: (49) 3433-3478
Xapuri,Acre,AC,Status - AC,(48) 99999-9999 / Email.@teste.com / www.betha.com.br
Xavantina,Santa Catarina,SC,Pequenas Contas - (FAEE - SC),Canal Direto: (49) 3433-3478
Xaxim,Santa Catarina,SC,Pequenas Contas - (FAEE - SC),Canal Direto: (49) 3433-3478